{
  "accuracy": 0.7313432835820896,
  "precision": 0.49665551839464883,
  "recall": 0.7941176470588235,
  "f1_score": 0.611111111111111,
  "roc_auc": 0.8357362129926335
}