{
  "accuracy": 0.7668798862828714,
  "precision": 0.5469387755102041,
  "recall": 0.7165775401069518,
  "f1_score": 0.6203703703703703,
  "roc_auc": 0.8285236914443681
}