{
  "accuracy": 0.7420042643923241,
  "precision": 0.5100548446069469,
  "recall": 0.7459893048128342,
  "f1_score": 0.6058631921824104,
  "roc_auc": 0.8280564888104321
}